{"stats":{"minecraft:picked_up":{"minecraft:leather":5,"minecraft:hay_block":4,"minecraft:porkchop":2,"minecraft:oak_log":4,"minecraft:oak_sapling":2,"minecraft:cobblestone":8},"minecraft:crafted":{"minecraft:oak_planks":16,"minecraft:stone_axe":1,"minecraft:crafting_table":1,"minecraft:stick":8,"minecraft:wooden_pickaxe":1,"minecraft:stone_pickaxe":1},"minecraft:dropped":{"minecraft:wooden_pickaxe":1,"minecraft:oak_sapling":1},"minecraft:mined":{"minecraft:hay_block":4,"minecraft:short_grass":1,"minecraft:oak_log":4,"minecraft:stone":8,"minecraft:oak_leaves":3},"minecraft:used":{"minecraft:stone_axe":21,"minecraft:crafting_table":1,"minecraft:oak_sapling":1,"minecraft:wooden_pickaxe":8},"minecraft:killed":{"minecraft:horse":5,"minecraft:pig":1},"minecraft:custom":{"minecraft:time_since_rest":5469,"minecraft:crouch_one_cm":2346,"minecraft:play_time":5469,"minecraft:sprint_one_cm":15253,"minecraft:damage_taken":30,"minecraft:walk_one_cm":12178,"minecraft:sneak_time":469,"minecraft:walk_under_water_one_cm":843,"minecraft:mob_kills":6,"minecraft:drop":2,"minecraft:jump":208,"minecraft:damage_dealt":1289,"minecraft:walk_on_water_one_cm":320,"minecraft:time_since_death":5469,"minecraft:total_world_time":5469,"minecraft:swim_one_cm":1549,"minecraft:interact_with_crafting_table":2,"minecraft:fall_one_cm":6818,"minecraft:fly_one_cm":45649}},"DataVersion":3953}