{"stats":{"minecraft:picked_up":{"minecraft:leather":15,"minecraft:porkchop":2,"minecraft:oak_log":14,"minecraft:dirt":4,"minecraft:mossy_cobblestone":2,"minecraft:rotten_flesh":3,"minecraft:bucket":1,"minecraft:bell":1,"minecraft:hay_block":15,"minecraft:beef":14,"minecraft:oak_sapling":2,"minecraft:sugar_cane":5,"minecraft:cobblestone":23},"minecraft:crafted":{"minecraft:wooden_sword":1,"minecraft:oak_planks":56,"minecraft:crafting_table":2,"minecraft:stick":8,"minecraft:wooden_pickaxe":1,"minecraft:stone_pickaxe":1,"minecraft:stone_axe":1,"minecraft:bread":44,"minecraft:wheat":135},"minecraft:dropped":{"minecraft:wheat":3,"minecraft:oak_sapling":1,"minecraft:leather":14,"minecraft:beef":9,"minecraft:wooden_pickaxe":1},"minecraft:mined":{"minecraft:hay_block":15,"minecraft:mossy_cobblestone":2,"minecraft:fire":3,"minecraft:short_grass":7,"minecraft:grass_block":6,"minecraft:oak_log":14,"minecraft:cobblestone":12,"minecraft:stone":16,"minecraft:sugar_cane":2,"minecraft:oak_leaves":3},"minecraft:used":{"minecraft:water_bucket":8,"minecraft:lava_bucket":11,"minecraft:stone_pickaxe":26,"minecraft:bread":8,"minecraft:oak_planks":7,"minecraft:wooden_pickaxe":8,"minecraft:bell":1,"minecraft:stone_axe":75,"minecraft:wooden_sword":5,"minecraft:mossy_cobblestone":2,"minecraft:dirt":2,"minecraft:cobblestone":17,"minecraft:crafting_table":2,"minecraft:oak_sapling":1,"minecraft:bucket":19},"minecraft:killed":{"minecraft:horse":5,"minecraft:zombie":7,"minecraft:pig":1,"minecraft:spider":1,"minecraft:cow":7},"minecraft:custom":{"minecraft:time_since_rest":17469,"minecraft:sprint_one_cm":74589,"minecraft:damage_taken":370,"minecraft:walk_one_cm":40109,"minecraft:mob_kills":21,"minecraft:drop":15,"minecraft:damage_dealt":3872,"minecraft:interact_with_crafting_table":6,"minecraft:swim_one_cm":1549,"minecraft:fly_one_cm":143181,"minecraft:open_chest":2,"minecraft:crouch_one_cm":10385,"minecraft:play_time":17469,"minecraft:sneak_time":2305,"minecraft:walk_under_water_one_cm":1264,"minecraft:jump":570,"minecraft:time_since_death":17469,"minecraft:walk_on_water_one_cm":738,"minecraft:total_world_time":17469,"minecraft:fall_one_cm":16712}},"DataVersion":3953}