{"stats":{"minecraft:picked_up":{"minecraft:crafting_table":1,"minecraft:feather":4,"minecraft:chicken":6,"minecraft:porkchop":5,"minecraft:oak_log":6,"minecraft:dirt":6,"minecraft:mutton":5,"minecraft:coal":29,"minecraft:white_wool":3,"minecraft:cobblestone":37},"minecraft:crafted":{"minecraft:oak_planks":24,"minecraft:crafting_table":1,"minecraft:stick":12,"minecraft:wooden_pickaxe":1,"minecraft:stone_pickaxe":1,"minecraft:stone_sword":1,"minecraft:stone_axe":1},"minecraft:mined":{"minecraft:crafting_table":1,"minecraft:short_grass":1,"minecraft:coal_ore":29,"minecraft:grass_block":2,"minecraft:oak_log":6,"minecraft:dirt":4,"minecraft:stone":32},"minecraft:used":{"minecraft:stone_sword":9,"minecraft:stone_pickaxe":58,"minecraft:wooden_pickaxe":3,"minecraft:stone_axe":7,"minecraft:crafting_table":1},"minecraft:killed":{"minecraft:sheep":3,"minecraft:pig":3,"minecraft:chicken":6},"minecraft:custom":{"minecraft:time_since_rest":5712,"minecraft:sprint_one_cm":11675,"minecraft:walk_one_cm":11475,"minecraft:mob_kills":12,"minecraft:damage_dealt":820,"minecraft:swim_one_cm":1725,"minecraft:interact_with_crafting_table":3,"minecraft:fly_one_cm":22650,"minecraft:crouch_one_cm":2333,"minecraft:play_time":5712,"minecraft:sneak_time":1123,"minecraft:walk_under_water_one_cm":96,"minecraft:jump":147,"minecraft:time_since_death":5712,"minecraft:walk_on_water_one_cm":137,"minecraft:total_world_time":5712,"minecraft:fall_one_cm":2628}},"DataVersion":3953}