{"stats":{"minecraft:picked_up":{"minecraft:stripped_oak_log":4,"minecraft:crafting_table":1,"minecraft:feather":4,"minecraft:chicken":6,"minecraft:salmon":5,"minecraft:leather":14,"minecraft:oak_log":19,"minecraft:brewing_stand":1,"minecraft:yellow_bed":7,"minecraft:dirt":9,"minecraft:bone":1,"minecraft:stonecutter":1,"minecraft:wheat_seeds":1,"minecraft:cartography_table":1,"minecraft:iron_ingot":9,"minecraft:fletching_table":1,"minecraft:sugar_cane":19,"minecraft:oak_planks":4,"minecraft:porkchop":5,"minecraft:white_bed":3,"minecraft:cauldron":3,"minecraft:arrow":1,"minecraft:rotten_flesh":8,"minecraft:hay_block":1,"minecraft:white_terracotta":2,"minecraft:mutton":5,"minecraft:coal":29,"minecraft:white_wool":3,"minecraft:cobblestone":40},"minecraft:crafted":{"minecraft:oak_planks":92,"minecraft:cooked_porkchop":2,"minecraft:crafting_table":2,"minecraft:wooden_pickaxe":1,"minecraft:furnace":2,"minecraft:bucket":1,"minecraft:stone_axe":1,"minecraft:cooked_mutton":2,"minecraft:air":0,"minecraft:iron_boots":1,"minecraft:shield":1,"minecraft:stick":12,"minecraft:stone_pickaxe":1,"minecraft:stone_sword":1,"minecraft:chest":1},"minecraft:dropped":{"minecraft:wheat_seeds":1,"minecraft:white_terracotta":2,"minecraft:bucket":1},"minecraft:mined":{"minecraft:white_bed":3,"minecraft:brewing_stand":1,"minecraft:crafting_table":1,"minecraft:short_grass":10,"minecraft:grass_block":2,"minecraft:tall_grass":1,"minecraft:cobblestone":3,"minecraft:oak_planks":4,"minecraft:sugar_cane":9,"minecraft:cartography_table":1,"minecraft:hay_block":1,"minecraft:white_terracotta":2,"minecraft:fletching_table":1,"minecraft:yellow_bed":7,"minecraft:oak_log":19,"minecraft:coal_ore":29,"minecraft:water_cauldron":4,"minecraft:dirt_path":3,"minecraft:dirt":4,"minecraft:stripped_oak_log":4,"minecraft:stonecutter":1,"minecraft:stone":32},"minecraft:killed":{"minecraft:pig":3,"minecraft:salmon":5,"minecraft:iron_golem":2,"minecraft:sheep":3,"minecraft:skeleton":1,"minecraft:zombie":4,"minecraft:chicken":6},"minecraft:used":{"minecraft:cooked_mutton":2,"minecraft:stone_sword":45,"minecraft:stone_pickaxe":70,"minecraft:oak_planks":48,"minecraft:shield":2,"minecraft:chest":1,"minecraft:wooden_pickaxe":3,"minecraft:sugar_cane":19,"minecraft:brewing_stand":1,"minecraft:dirt":9,"minecraft:crafting_table":3,"minecraft:white_bed":3,"minecraft:apple":2,"minecraft:bread":2,"minecraft:stone_axe":62,"minecraft:cobblestone":16,"minecraft:furnace":2,"minecraft:yellow_bed":7},"minecraft:custom":{"minecraft:interact_with_furnace":5,"minecraft:mob_kills":26,"minecraft:interact_with_crafting_table":8,"minecraft:time_since_death":17712,"minecraft:time_since_rest":17712,"minecraft:sprint_one_cm":56003,"minecraft:damage_taken":245,"minecraft:walk_one_cm":46430,"minecraft:damage_blocked_by_shield":55,"minecraft:drop":4,"minecraft:damage_dealt":4750,"minecraft:swim_one_cm":8463,"minecraft:fly_one_cm":80849,"minecraft:open_chest":8,"minecraft:crouch_one_cm":6935,"minecraft:play_time":17712,"minecraft:sneak_time":2625,"minecraft:walk_under_water_one_cm":6914,"minecraft:jump":419,"minecraft:walk_on_water_one_cm":3655,"minecraft:total_world_time":17712,"minecraft:fall_one_cm":6926}},"DataVersion":3953}